[
  {
    "icon": "fa fa-home",
    "slug": "external",
    "title": "Volver al inicio",
    "path": "index.html"
  },
  {
    "id": 1,
    "icon": "fa fa-file-text",
    "slug": "introduccion",
    "title": "Introducción",
    "breadcrumb": ["Inicio","Introducción"],
    "path": "pages/introduccion.html"
  },  
  { 
    "id": 1,
    "icon": "fa fa-file-text",
    "slug": "produccion",
    "title": "1. Producción gráfica",
    "breadcrumb": ["Inicio","Introducción"],
    "path": "pages/1-tema.html",    
    "submenu": [
      {
        "icon": "fa fa-file-text",
        "slug": "produccion",
        "title": "1.1. Software vectorial",
        "anchor": "tema1_1"
      },   
      {
        "icon": "fa fa-play-circle",
        "slug": "produccion",
        "title": "1.1.1. Interfaz y área de trabajo",
        "anchor": "tema1_1_1"
      },
      {
        "icon": "fa fa-play-circle",
        "slug": "produccion",
        "title": "1.1.2. Herramientas de selección",
        "anchor": "tema1_1_2"
      },
      {
        "icon": "fa fa-file-text",
        "slug": "produccion",
        "title": "1.1.3. Herramientas de dibujo",
        "anchor": "tema1_1_3"
      },     
      {
        "icon": "fa fa-play-circle ",
        "slug": "produccion",
        "title": "1.1.4. Herramientas de color",
        "anchor": "tema1_1_4"
      },
      {
        "icon": "fa fa-play-circlet",
        "slug": "produccion",
        "title": "1.1.5. Herramientas de texto ",
        "anchor": "tema1_1_5"
      },    
      {
        "icon": "fa fa-play-circlet",
        "slug": "produccion",
        "title": "1.1.6. Herramientas de efectos",
        "anchor": "tema1_1_6"
      },
      {
        "icon": "fa fa-play-circlet",
        "slug": "produccion",
        "title": "1.1.7. Almacenamiento, importación y exportación",
        "anchor": "tema1_1_7"
      }
    ]   
  },
  {
    "id": 1,
    "icon": "fa fa-file-text",
    "slug": "identidad",
    "title": "2. Imagen e identidad corporativa",
    "breadcrumb": ["Inicio","Introducción"],
    "path": "pages/2-tema.html",
    "submenu": [
      {
        "icon": "fa fa-file-text",
        "slug": "identidad",
        "title": "2.1 Imagen e identidad corporativa",
        "anchor": "tema2_1"
      },   
      {
        "icon": "fa fa-file-text",
        "slug": "identidad",
        "title": "2.1.1. Tipos de branding",
        "anchor": "tema2_1_1"
      },   
      {
        "icon": "fa fa-file-text",
        "slug": "identidad",
        "title": "2.1.2. Manual de identidad corporativa",
        "anchor": "tema2_1_2"
      },   
      {
        "icon": "fa fa-file-text",
        "slug": "identidad",
        "title": "2.2. Productos editoriales",
        "anchor": "tema2_2"
      },   
      {
        "icon": "fa fa-file-text",
        "slug": "identidad",
        "title": "2.2.1. Editoriales",
        "anchor": "tema2_2_1"
      },   
      {
        "icon": "fa fa-file-text",
        "slug": "identidad",
        "title": "2.3. Productos gráficos",
        "anchor": "tema2_3"
      },   
      {
        "icon": "fa fa-file-text",
        "slug": "identidad",
        "title": "2.3.1. Infografía",
        "anchor": "tema2_3_1"
      },   
      {
        "icon": "fa fa-file-text",
        "slug": "identidad",
        "title": "2.3.2. Poster, afiche y cartel",
        "anchor": "tema2_3_2"
      },   
      {
        "icon": "fa fa-file-text",
        "slug": "identidad",
        "title": "2.3.3. Material didáctico",
        "anchor": "tema2_3_3"
      },   
      {
        "icon": "fa fa-file-text",
        "slug": "identidad",
        "title": "2.4. Productos publicitarios",
        "anchor": "tema2_4"
      },   
      {
        "icon": "fa fa-file-text",
        "slug": "identidad",
        "title": "2.4.1. Material P.O.P.",
        "anchor": "tema2_4_1"
      },   
      {
        "icon": "fa fa-file-text",
        "slug": "identidad",
        "title": "2.5. Productos corporativos",
        "anchor": "tema2_5"
      },   
      {
        "icon": "fa fa-file-text",
        "slug": "identidad",
        "title": "2.5.1. Brochure",
        "anchor": "tema2_5_2"
      },   
      {
        "icon": "fa fa-file-text",
        "slug": "identidad",
        "title": "2.5.2. Membrete",
        "anchor": "tema2_5_2"
      }

      

      
      
    ]
  } 
]